<?xml version="1.0"?>
<!--
  Licensed under the Apache License, Version 2.0 (the "License");
  you may not use this file except in compliance with the License.
  You may obtain a copy of the License at

    http://www.apache.org/licenses/LICENSE-2.0

  Unless required by applicable law or agreed to in writing, software
  distributed under the License is distributed on an "AS IS" BASIS,
  WITHOUT WARRANTIES OR CONDITIONS OF ANY KIND, either express or implied.
  See the License for the specific language governing permissions and
  limitations under the License. See accompanying LICENSE file.
-->
<configuration>

<!-- Site specific YARN configuration properties -->

   <property>
       <name>yarn.resourcemanager.scheduler.class</name>
       <value>org.apache.hadoop.yarn.server.resourcemanager.scheduler.capacity.CapacityScheduler</value>
    </property>

    <property>
        <name>yarn.resourcemanager.ha.enabled</name>
        <value>true</value>
    </property>
    <property>
        <name>yarn.resourcemanager.cluster-id</name>
        <value>cluster1</value>
    </property>
    <property>
        <name>yarn.resourcemanager.ha.rm-ids</name>
        <value>rm1,rm2</value>
    </property>
    <property>
        <name>yarn.resourcemanager.hostname.rm1</name>
        <value>${NAMENODE_1}</value>
    </property>
    <property>
        <name>yarn.resourcemanager.hostname.rm2</name>
        <value>${NAMENODE_2}</value>
    </property>
    <property>
        <name>yarn.resourcemanager.zk-address</name>
        <value>TODO</value>
    </property>


<!--
    enable RM Restart feature.
-->

    <property>
        <name>yarn.resourcemanager.recovery.enabled</name>
        <value>true</value>
    </property>

    <property>
        <name>yarn.resourcemanager.store.class</name>
        <value>org.apache.hadoop.yarn.server.resourcemanager.recovery.ZKRMStateStore</value>
    </property>

    <property>
        <name>yarn.resourcemanager.am.max-attempts</name>
        <value>5</value>
    <description>The maximum number of application attempts. It's a global setting for all application masters. Each application master can specify its individual maximum number of application attempts via the API, but the individual number cannot be more than the global upper bound. If it is, the RM will override it. The default number is set to 2, to allow at least one retry for AM.</description>
    </property>


<!--
-
- Configurations for NodeManager
-
-->
  
    <property>
        <name>yarn.nodemanager.aux-services</name>
        <value>mapreduce_shuffle</value>
    </property>


</configuration>

